emer_season,emer_har,seed_stage,total_length,avg_temp,max_temp,min_temp,temp_range,total_precip,precip_airport_meteo,precip_airport,wet_day_freq,drought_days,hum,sunlight,NDVI_veg,NDVI_repro,NDVI_ripe,EVI_veg,EVI_repro,EVI_ripe,SAVI_veg,SAVI_repro,SAVI_ripe,yield
SON,129,16,145,23.09,33.12,17.85,15.27,477.3999929,549,583.4,51,7,82.65220374,21009.11,0.848325197,0.829112808,0.720310713,0.648360899,0.665215608,0.514915136,0.579206691,0.576771758,0.490137907,8605.357143
JJA,138,34,172,22.94,31.59,17.71,13.88,668.80001,918.6,979.8,56,7,79.34112485,24292.04,0.634768257,0.86537489,0.504470833,0.45187449,0.719751401,0.393829101,0.417563665,0.628235928,0.384672678,8062.5
DJF,125,14,139,22.24,30.68,17.83,12.85,531.5000045,722.5,889.1,48,5,77.60350511,25858.86,0.346870789,0.841246896,0.524555,0.229448501,0.656459123,0.6011351,0.218195097,0.585669945,0.3901141,6859.775281
JJA,126,20,146,23.01,31.59,17.71,13.88,604.1000093,785.9,848.7,48,6,82.88114748,26458.67,0.662925885,0.862644357,0.4986,0.449713721,0.667344373,0.3489,0.41389953,0.607883066,0.3394,6288.761062
JJA,133,20,153,23.1,31.59,17.71,13.88,640.1000047,796.35,842.5,50,7,82.15410051,26514.24,0.765100168,0.765611898,0.710037493,0.508737576,0.613484781,0.521689436,0.469473419,0.533259511,0.49300318,9118.181818
JJA,142,21,163,22.95,31.59,17.71,13.88,671.1000045,929.6,1034.9,54,7,82.1124339,26609.2,0.6844924,0.826331042,0.489235,0.520459,0.633439754,0.52990451,0.4833557,0.571084248,0.426583688,8012.321429
MAM,138,10,148,23.3,31.59,17.71,13.88,551.7999995,698.9,750.2,50,9,73.81630424,26754.45,0.544593028,0.725064724,0.5892353,0.348338454,0.579515928,0.487245,0.322132694,0.512559937,0.519357,7779.487179
DJF,133,11,144,22.24,30.68,17.83,12.85,543.0000037,722.5,889.1,52,7,79.18942286,26849.59,0.535999131,0.848536257,0.673098398,0.350425046,0.737811728,0.525006794,0.324279854,0.580149695,0.480127347,8968.47619
MAM,136,12,148,23.37,31.59,17.71,13.88,550.5999994,531.9,498.3,53,7,82.02165361,27132.58,0.6611305,0.798675661,0.5015842,0.396033,0.582945502,0.587666,0.488964,0.535117776,0.489952,9347.075209
SON,129,15,144,22.43,30.68,18.13,12.55,558.4000118,913.35,1064.4,50,7,82.28276076,27302.21,0.658493647,0.813382668,0.685011328,0.456408046,0.635820967,0.582812939,0.420759391,0.570261872,0.498291665,9673.94958
JJA,131,24,155,23.1,31.59,17.71,13.88,636.9000094,796.35,842.5,51,9,74.86953548,27591.48,0.497481674,0.771086574,0.610589,0.383619209,0.600410619,0.5051735,0.362637825,0.531090783,0.3457243,7412.727273
JJA,132,5,137,22.88,31.59,18.64,12.95,602.0000075,739.8,824.3,52,15,77.46208997,28095.24,0.684211799,0.827987356,0.773224506,0.48331623,0.571267572,0.539023882,0.445097735,0.537025034,0.517906186,8168.817204
DJF,129,15,144,22.17,30.68,17.83,12.85,550.2000046,934.9,1222.2,49,6,77.57386348,28392.13,0.362063853,0.750392257,0.534501,0.282232669,0.565475726,0.439946,0.253823065,0.595550527,0.497786,6887.570093
SON,133,10,143,22.22,30.68,18.31,12.37,579.9000108,952.95,1182.1,54,7,78.17361094,28529.3,0.563281865,0.768983502,0.76781855,0.452914903,0.676733072,0.473638151,0.376283187,0.582707722,0.466479564,9522.857143
DJF,143,12,155,22.66,30.45,18.51,11.94,506.5999987,757.6,933.1,47,6,71.30657171,28820.78,0.516335902,0.822922286,0.711875908,0.380146939,0.672088606,0.555034873,0.336395751,0.613379866,0.507150002,8227.906977
JJA,129,23,152,23.01,31.59,17.71,13.88,621.0000104,785.9,848.7,57,6,76.76904751,28892.9,0.489542,0.827541738,0.59341,0.36373,0.621852829,0.47796,0.4225562,0.560966961,0.48346634,6319.60396
MAM,135,8,143,23.1,30.77,17.71,13.06,474.0000009,592,692.6,52,9,77.41233318,29031,0.396192229,0.762606154,0.596099338,0.250551144,0.598039803,0.4756,0.236747749,0.52565445,0.423236458,7125.531915
MAM,130,11,141,23.37,31.59,17.71,13.88,522.5999978,531.9,498.3,60,6,74.17730471,29267.99,0.51333502,0.792895563,0.5924772,0.544242,0.698845388,0.5011342,0.40335647,0.572272711,0.395472,10099.72145
JJA,134,32,166,22.83,31.59,17.71,13.88,676.2000113,928.95,1036,56,8,78.70060474,29284.6,0.453234865,0.76072833,0.624320118,0.292939596,0.444203903,0.45614128,0.219934982,0.440626166,0.454766783,7030.508475
JJA,135,19,154,22.7,31.59,18.53,13.06,669.000011,882.85,1011.6,55,13,76.98301265,30229.35,0.480822085,0.790766933,0.654585415,0.336066125,0.606997642,0.451204316,0.31197159,0.5428697,0.446210884,8982.575758
JJA,140,30,170,22.94,31.59,17.71,13.88,666.90001,918.6,979.8,58,15,76.87913469,30359.16,0.549389065,0.827293318,0.474692849,0.33726154,0.71155968,0.320123844,0.321377543,0.604446483,0.330171614,7493.75
MAM,124,37,161,22.8,30.45,18.51,11.94,501.999999,803.7,957.5,42,8,79.06652662,30375.72,0.539555222,0.765772396,0.710269502,0.375042706,0.618266657,0.531725433,0.334995121,0.541437626,0.494854331,9308.474576
JJA,134,21,155,22.7,31.59,18.53,13.06,669.900011,882.85,1011.6,47,7,72.95732542,30747.37,0.494455165,0.87077243,0.645700134,0.306174059,0.714014281,0.572159475,0.295551357,0.642209591,0.494689018,10789.32584
MAM,130,8,138,23.1,30.77,17.71,13.06,454.0999997,592,692.6,45,14,69.8711805,30766.87,0.751581993,0.823208982,0.569795819,0.60488314,0.680391817,0.44847344,0.520149505,0.598135683,0.443557072,9138.297872
JJA,135,20,155,23.1,31.59,17.71,13.88,646.1000048,796.35,842.5,58,6,73.56057904,30817.72,0.52456,0.796373201,0.69425,0.45244,0.656876489,0.47265,0.38972,0.576340761,0.43657,8433.884298
JJA,140,32,172,22.94,31.59,17.71,13.88,668.80001,918.6,979.8,54,17,76.6805554,30915.58,0.629196728,0.766911091,0.638262933,0.496732005,0.613473138,0.458381471,0.431228723,0.529628711,0.439725321,8937.636364
JJA,120,30,150,23.1,31.59,17.71,13.88,620.2000082,796.35,842.5,47,7,78.41445718,31741.76,0.393837584,0.867861607,0.68271134,0.272592113,0.60575223,0.39463,0.257952046,0.599992823,0.491456,7270.12987
DJF,137,18,155,22.53,30.45,18.35,12.1,474.7999928,712.55,874.7,48,8,79.30884229,32144.64,0.541798055,0.742431771,0.743903022,0.375042706,0.569316237,0.561595016,0.334995121,0.509925302,0.515239499,8824.324324
SON,129,17,146,22.43,30.68,18.13,12.55,575.6000108,913.35,1064.4,57,18,72.94533084,32870.31,0.22228056,0.836699845,0.667652937,0.212186924,0.693966656,0.494092129,0.183199593,0.602343331,0.480592924,8402
MAM,133,8,141,23.1,30.77,17.71,13.06,459.6999997,592,692.6,47,8,78.68847659,32881.39,0.796529903,0.824305916,0.586463762,0.568237961,0.611119226,0.502948229,0.512534151,0.55649861,0.450069298,9670.212766
SON,132,11,143,22.22,30.68,18.31,12.37,579.8000108,952.95,1182.1,44,7,70.64209415,32960.8,0.602087838,0.805616268,0.664174779,0.410531084,0.630839109,0.491591475,0.390728344,0.557338478,0.466362452,7977.76699
MAM,128,8,136,23.1,30.77,17.71,13.06,446.2999994,592,692.6,53,6,71.56985291,33065.34,0.650015992,0.784057666,0.64751085,0.46576287,0.597565255,0.471956192,0.421523817,0.547072408,0.442170461,7355.319149
MAM,137,10,147,23.37,31.59,17.71,13.88,545.8999989,531.9,498.3,42,22,69.08891368,34030.92,0.528519513,0.804255924,0.757447412,0.41617603,0.609748049,0.653777004,0.360285507,0.538808645,0.546571503,8551.351351
MAM,132,10,142,22.9,30.5,17.71,12.79,406.4999974,778.3,969.7,48,9,78.46780306,34515.84,0.799742651,0.847573955,0.534788744,0.648651415,0.654126564,0.370777719,0.559982387,0.584862895,0.363723504,9951.807229
SON,134,9,143,22.22,30.68,18.31,12.37,579.9000108,952.95,1182.1,47,12,67.05820092,34994.16,0.607341469,0.875485339,0.682190456,0.461092383,0.733111964,0.581699398,0.405552768,0.65350874,0.507413004,6359.574468
JJA,137,29,166,22.83,31.59,17.71,13.88,680.0000113,928.95,1036,55,18,71.76504614,35049.2,0.501009308,0.889273911,0.624320118,0.365857233,0.744602186,0.45614128,0.343193669,0.655665188,0.454602156,9776.136364
SON,134,9,143,22.22,30.68,18.31,12.37,579.4000108,952.95,1182.1,48,8,68.66433328,35313.83,0.6482356,0.833484285,0.4882673,0.4872267,0.5,0.410573,0.3798551,0.54,0.4976452,5545.692308
MAM,130,15,145,22.86,29.18,18.51,10.67,449.3999978,718.3,897.2,51,10,78.22672411,37688.3,0.781916647,0.845516532,0.683439614,0.67147935,0.672377972,0.489923897,0.567074181,0.596154077,0.457249058,8966.233766
DJF,127,10,137,22.24,30.68,17.83,12.85,526.0000039,722.5,889.1,46,9,69.02658021,38087.73,0.539147251,0.899397933,0.740626384,0.375042706,0.815592601,0.585716563,0.334995121,0.695678338,0.54437986,8629.032258
DJF,142,11,153,22.66,30.45,18.51,11.94,503.1999985,757.6,933.1,45,23,63.76707646,38475.86,0.515555574,0.872728341,0.732087063,0.427964522,0.682195151,0.556161715,0.350874049,0.628470775,0.522512,9134.883721
SON,129,9,138,22.22,30.68,18.31,12.37,574.7000107,952.95,1182.1,49,20,70.67322828,40721.96,0.708685577,0.872896171,0.665797431,0.560018122,0.654166491,0.491022074,0.508837071,0.610857876,0.437820679,7016.923077
JJA,132,4,136,22.88,31.59,18.64,12.95,600.4000075,739.8,824.3,60,23,63.01026539,43094.73,0.340056836,0.799302785,0.64976508,0.253234233,0.630831319,0.474111609,0.235354611,0.559688213,0.452593412,8089.430894
DJF,128,15,143,22.24,30.68,17.83,12.85,540.9000036,722.5,889.1,46,21,64.83193281,43942.86,0.538410456,0.75032312,0.533863564,0.283601915,0.586524244,0.36065085,0.294323852,0.511410007,0.349922085,9119.626168
